claim_number,email,phone_number,claim_date,cost
G269475,BobR8@gmail.com,(640) 065-0964,2018-07-11,0
R246552,GaryM7@gmail.com,(382) 379-5739,2018-03-03,985376
U548,TravisD9@gmail.com,(559) 200-5939,2018-11-09,651813
H498573,CindyT2@gmail.com,(909) 492-4494,2018-01-03,568141
L94564,JudeD0@gmail.com,(743) 137-5740,2018-02-22,0
H42946,ChristinaE5@gmail.com,(350) 839-1137,2018-09-09,951435
H181377,LauraJ2@gmail.com,(132) 128-9030,2018-07-14,936521
C376852,RossM8@gmail.com,(525) 207-9879,2018-07-25,237082
L105468,HaroldG3@gmail.com,(793) 943-8162,2018-11-15,379027
U389804,SharonM8@gmail.com,(612) 149-0527,2018-08-27,199351
N205014,KirkC5@gmail.com,(556) 029-2722,2018-02-09,0
L132960,GaryA0@gmail.com,(503) 928-6510,2018-02-26,282411
E161984,LouiseP0@gmail.com,(886) 023-7964,2018-08-19,687202
C5313,NettieE8@gmail.com,(213) 043-9558,2018-07-30,855521
U247636,AdalbertoG3@gmail.com,(593) 714-7980,2018-01-25,539534
U82267,ChristopherS0,+1 (648) 084-4322,2018-10-31,0
T439691,FrankB2@gmail.com,(416) 678-3928,2018-08-14,483884
A44874,JenniferN1@gmail.com,(208) 072-9588,2018-01-30,323208
M433092,EstherB2@gmail.com,(446) 860-5635,2018-04-03,15426
N278577,MaryS5@gmail.com,+1 (732) 146-2321,2018-12-29,0
U407438,CarolynA3@gmail.com,(677) 531-2374,2018-11-29,999999999999
C357366,FannieJ4@gmail.com,(361) 205-4505,2018-01-16,0
E370443,ChristineT1,(880) 102-0220,2018-11-13,340457
P76264,JamesJ1@gmail.com,(599) 283-2132,2018-08-14,116637
R430955,EmmaK2@gmail.com,(534) 536-2737,2018-12-30,145137
B320011,JennieT3@gmail.com,(192) 942-6018,2018-11-08,972140
A305812,SylviaW0@gmail.com,(556) 737-6297,2018-11-12,956975
M178732,DavidG4@gmail.com,(904) 531-8339,2018-04-12,676669
S83918,CharleneP8@gmail.com,(288) 625-6488,2018-12-27,303271
R463469,AntonioD2@gmail.com,(861) 879-1482,2018-01-04,197088
K345435,WalterB5@gmail.com,(819) 621-3841,2018-04-27,985818
C280792,AlleenJ1@gmail.com,(250) 783-6918,2018-06-03,485283
R247067,NicholasS2@gmail.com,(772) 895-5235,2018-09-06,876125
G271871,ShawnT3@gmail.com,(763) 849-6111,2018-07-02,184396
P417001,NicoleJ2@gmail.com,(779) 220-2265,2018-04-01,170972
A293069,MichaelT9@gmail.com,(271) 243-9399,2018-03-15,884073
T463464,KevinC5@gmail.com,(488) 309-7720,2018-07-13,296343
Y122724,ClaraD2@gmail.com,(704) 906-9764,2018-06-18,887229
S37475,SylvesterC5@gmail.com,(790) 492-7019,2018-06-18,0
T185797,MichaelH4@gmail.com,(226) 122-9386,2018-09-15,885896
G12525,ErickB8@gmail.com,(390) 320-9769,2018-12-21,0
G295554,BeatriceL0@gmail.com,(725) 467-3910,2018-08-09,916165
N303622,MargaretC6@gmail.com,(447) 155-7571,2018-02-19,0
L484537,ThomasR4@gmail.com,+1 (741) 176-2506,2018-02-05,880200
T327301,DavidD1@gmail.com,(878) 461-4868,2018-09-04,394417
B188139,StacyE0@gmail.com,(409) 323-0548,2018-12-12,0
P338870,JamesS2@gmail.com,(779) 091-7711,2018-11-08,0
E356232,HalC2@gmail.com,+1 (794) 431-2800,2018-09-11,231110
D372632,MatthewM8@gmail.com,(394) 417-6486,2018-01-19,884604
L43132,AnnJ6@gmail.com,(178) 953-1384,2018-02-09,75366
F94092,AndresA0@gmail.com,(508) 308-3538,2018-10-28,636219
W231258,KimberlyJ1@gmail.com,(540) 078-4280,2018-02-12,0
H220493,ShirleyM9@gmail.com,(328) 506-3039,2018-08-11,543109
I145459,HarrietC5@gmail.com,(493) 844-6215,2018-10-08,195271
J193644,EdnaJ1@gmail.com,(348) 319-9015,2018-04-21,39141
E315677,DavidR1@gmail.com,(758) 566-3301,2018-12-13,856333
S95026,RobinS8@gmail.com,(987) 289-4152,2018-04-14,646305
S301871,DavidT3@gmail.com,(572) 709-8231,2018-07-28,614215
Y317069,WilliamM7@gmail.com,(990) 379-5560,2018-11-01,582046
G254426,MariaP0,(787) 920-4340,2018-12-10,386245
S496742,DonnaD3@gmail.com,(206) 568-8028,2018-12-07,0
L420305,PatrickC8@gmail.com,(588) 833-5398,2018-10-11,0
S279065,JillD5@gmail.com,(870) 199-4952,2018-03-13,0
B99704,ThomasC3@gmail.com,(609) 669-4132,2018-09-25,0
O386428,JamesB5@gmail.com,(546) 160-8242,2018-04-06,0
V144307,ColeA3@gmail.com,(511) 512-6998,2018-03-03,836190
F69159,SalinaJ2@gmail.com,+1 (586) 125-0691,2018-09-20,736103
O403869,AngelaJ6@gmail.com,(550) 107-3709,2018-03-26,305228
L308625,SandraN7@gmail.com,(973) 673-2766,2018-03-16,999999999999
X358489,RaeB5@gmail.com,(623) 014-4732,2018-01-30,128621
B257988,AnthonyC8@gmail.com,(104) 442-1490,2018-09-05,742883
X396416,StuartC2@gmail.com,(705) 213-5148,2018-08-03,381201
H268037,GeorgeN4@gmail.com,+1 (514) 633-7775,2018-10-30,217067
B53809,NathanJ3@gmail.com,(766) 698-8163,2018-05-31,882748
M301520,JohnB5@gmail.com,(807) 903-5075,2018-10-21,77839
V283156,ErnestS8@gmail.com,(677) 126-0758,2018-01-09,762595
I458412,PatriciaK0@gmail.com,(763) 819-8159,2018-09-15,147864
E15540,DeanB2@gmail.com,(721) 837-6212,2018-06-03,0
U204749,ElizabethJ1,(297) 751-0143,2018-09-24,578847
E313150,CharlieM4@gmail.com,(193) 494-3630,2018-02-14,0
Z361229,TommieJ1@gmail.com,(334) 204-7110,2018-07-07,413311
P107161,PatriciaS1@gmail.com,(357) 535-2966,2018-04-03,0
X79579,VirginiaM1@gmail.com,(990) 705-3818,2018-12-02,127166
E222738,PamelaJ8@gmail.com,+1 +1 (650) 181-1361,2018-11-09,862489
C346560,MatthewS4@gmail.com,(412) 141-6904,2018-11-05,216976
T397535,EusebioI9@gmail.com,(610) 341-8860,2018-11-12,155198
I369664,RuthH3@gmail.com,+1 (174) 095-8247,2018-02-12,0
R469751,MaryC7@gmail.com,(329) 582-0865,2018-01-28,0
G61746,LoriL6@gmail.com,(628) 808-8301,2018-04-03,905241
F192854,HelenM8@gmail.com,(412) 780-0295,2018-04-19,396681
J466468,LloydT3@gmail.com,(211) 338-5424,2018-02-19,963164
X277026,SheilaM1@gmail.com,(605) 576-4214,2018-11-07,337035
G241725,JoyceT5@gmail.com,(435) 338-0787,2018-09-27,973916
Y451025,DianneM0@gmail.com,(178) 224-3800,2018-08-09,514156
U308824,CarolC8@gmail.com,(421) 672-1975,2018-06-21,948728
U215121,PatriciaJ3@gmail.com,(800) 409-7137,2018-02-13,0
C60790,JessicaJ3@gmail.com,(465) 641-1337,2018-05-09,800464
H239,RicardoA4@gmail.com,(691) 466-1204,2018-05-18,999946
W161715,BernadetteC5@gmail.com,(571) 249-9523,2018-04-04,658502
W59785,SusanC1@gmail.com,(997) 747-7135,2018-04-02,0
P73022,LieselotteJ5@gmail.com,(126) 848-9422,2018-05-31,0
B44461,LauraC4@gmail.com,+1 (850) 999-2079,2018-12-03,0
Y448350,DongR6@gmail.com,(470) 583-4136,2018-03-20,287325
N4421,ArlineS8@gmail.com,(149) 341-8469,2018-10-29,235955
Q101431,TonyS9@gmail.com,(453) 596-8422,2018-05-22,664953
R160999,JuanS3@gmail.com,(610) 804-5256,2018-08-04,1562
D239024,NolaR3@gmail.com,(458) 539-7014,2018-10-08,315784
S166969,EricaM8,(841) 279-2125,2018-09-16,0
C22532,CarrollA3@gmail.com,(542) 578-9797,2018-01-20,0
O221300,KathyE4@gmail.com,+1 (258) 134-6202,2018-05-10,0
U420969,StellaJ0@gmail.com,(924) 865-3725,2018-05-26,827355
P116868,RonaldR1@gmail.com,(371) 843-6251,2018-12-29,753022
X438667,CindyM0@gmail.com,(814) 255-7345,2018-05-06,0
K264578,DerekJ2@gmail.com,(898) 498-1302,2018-02-15,0
W194892,MichaelD6@gmail.com,(193) 150-5713,2018-12-06,614816
N321076,NellieB5@gmail.com,+1 (167) 065-9756,2018-02-08,315924
F479531,PatC5@gmail.com,(743) 809-5407,2018-09-06,856143
D423832,BelindaP2@gmail.com,(789) 010-5159,2018-06-27,782284
Q242363,LoreneC1@gmail.com,(197) 105-0901,2018-03-13,0
B293529,RebeccaJ9@gmail.com,+1 (878) 741-3809,2018-06-01,0
Z150570,JeanF9@gmail.com,(714) 323-3029,2018-05-01,115675
F394715,KoreyJ9@gmail.com,(552) 499-3446,2018-06-09,728596
V257036,FrankD9@gmail.com,(831) 611-3026,2018-02-15,0
L22005,EmmanuelC0@gmail.com,+1 (393) 940-2006,2018-12-03,426836
T486116,WillaJ3@gmail.com,(481) 510-5584,2018-01-09,0
T93733,EmanuelR9@gmail.com,(347) 425-1148,2018-06-25,0
W319742,RayleneN0@gmail.com,(237) 782-3957,2018-01-11,863855
J326397,CelesteJ1@gmail.com,(939) 421-6959,2018-12-18,0
A23856,LindaD7@gmail.com,(899) 683-6641,2018-06-17,797553
I301043,DavidP7@gmail.com,(238) 114-3181,2018-05-10,999999999999
H469049,RoyB0,(269) 560-1747,2018-09-07,894985
H225680,IdaE7@gmail.com,(815) 006-8300,2018-09-24,512130
L59423,ReneeC1@gmail.com,(791) 096-1951,2018-09-18,0
R94836,RobertR1@gmail.com,(958) 526-9385,2018-07-04,203405
N303691,AnnieJ2@gmail.com,(628) 846-8248,2018-04-26,113347
U129491,FlorC7@gmail.com,(935) 747-8432,2018-12-23,0
O275074,ElijahF9@gmail.com,+1 (296) 649-1497,2018-02-28,716026
G193986,FlorentinaA0@gmail.com,(130) 415-0707,2018-02-03,5365
S304319,ElmerM8@gmail.com,(548) 863-2191,2018-01-05,0
G287802,SaraM0@gmail.com,+1 (797) 893-4291,2018-12-21,567520
F339821,AndresE5@gmail.com,(746) 664-9350,2018-10-19,851331
E389536,JamesS7@gmail.com,(948) 302-4861,2018-04-14,202934
R489637,JesseJ1@gmail.com,+1 (914) 093-3205,2018-12-16,729742
E469686,YenC4@gmail.com,(181) 636-7318,2018-06-24,904711
C304596,JaneR6@gmail.com,(236) 052-9356,2018-04-08,706896
C121756,AliceW3@gmail.com,(426) 636-6447,2018-08-05,538007
Q140735,MinnieE5@gmail.com,(911) 009-1632,2018-10-01,873321
D467525,CristinaS3@gmail.com,(782) 683-2339,2018-06-08,699207
E94249,ErnestJ5@gmail.com,(632) 256-7588,2018-07-19,595718
F84394,LeonardD7@gmail.com,(315) 225-8705,2018-12-31,0
F101310,GailS5@gmail.com,(676) 790-5350,2018-08-19,497129
F417682,VirginiaA4@gmail.com,(806) 824-8870,2018-12-10,0
D28607,KeithS9@gmail.com,(485) 612-0935,2018-04-29,409798
B481327,DouglasR5@gmail.com,(553) 347-9064,2018-08-05,520523
F243784,VictorP8@gmail.com,(345) 699-8183,2018-11-13,307750
K46383,RitaB8@gmail.com,(371) 526-0145,2018-02-15,734697
M335217,NickE2@gmail.com,(694) 871-9853,2018-10-19,707553
C134008,JohnH1@gmail.com,(447) 099-7058,2018-05-05,72318
K357969,EmilyN5@gmail.com,(617) 174-9727,2018-01-14,464654
J110969,SharonZ5@gmail.com,(323) 558-3046,2018-01-30,333695
P65086,CharlotteL4@gmail.com,(298) 028-1325,2018-02-28,691992
G499295,ThanhB1@gmail.com,(198) 275-6451,2018-09-29,109459
Z390320,DerekG6@gmail.com,(895) 867-6687,2018-06-08,587291
D480107,MaryD8@gmail.com,(923) 814-9969,2018-09-09,602309
K164224,NicholasA0@gmail.com,(422) 356-7042,2018-07-23,436481
B221648,CallieJ9@gmail.com,+1 (563) 256-5576,2018-12-20,481756
D112612,CherylJ8@gmail.com,+1 (585) 895-7575,2018-08-17,510000
C252653,RebeccaB8@gmail.com,(186) 962-1669,2018-07-05,995007
O478761,VelmaD0@gmail.com,(550) 324-7842,2018-03-27,955769
E153984,JessicaP8@gmail.com,(751) 992-0275,2018-03-11,763899
V143294,JulieS6@gmail.com,(387) 837-5937,2018-08-04,0
Q224433,DorisM7@gmail.com,(255) 970-0109,2018-04-06,463150
G193381,LatonyaJ7@gmail.com,(235) 101-0818,2018-03-17,654280
Z414558,BrendaC1@gmail.com,(939) 337-4898,2018-08-07,772610
J381626,CarolD4@gmail.com,(246) 831-5330,2018-09-02,106683
M226762,WayneR6@gmail.com,(861) 909-4618,2018-06-16,638908
Z220948,JenniferD4@gmail.com,(697) 823-4780,2018-08-05,833621
E17511,KennethD2@gmail.com,+1 (944) 612-3457,2018-04-07,0
G135180,WilliamE5@gmail.com,(439) 908-3323,2018-03-17,278166
G329512,SophieC2@gmail.com,(549) 163-5651,2018-02-04,239581
R256996,DerickR7@gmail.com,(218) 872-4074,2018-05-21,0
V451027,CarolW0@gmail.com,(289) 022-2178,2018-05-15,0
W73796,ErmaH0@gmail.com,(104) 409-9146,2018-03-18,0
Y203566,DavidL8@gmail.com,(853) 114-4172,2018-09-24,719615
Q64003,AimeeP9@gmail.com,+1 (419) 069-3790,2018-10-29,542486
Z446190,CarlF5@gmail.com,(890) 440-8731,2018-08-03,221266
M440992,LeonaC6,(386) 452-8564,2018-05-08,40498
P1805,AnnA0@gmail.com,+1 (906) 953-4628,2018-03-29,267080
Y439884,MaryG3@gmail.com,(688) 744-6355,2018-02-14,0
B43150,ChristopherC4@gmail.com,(249) 372-6049,2018-09-08,0
A403463,JamesJ9@gmail.com,(352) 578-5995,2018-08-17,887633
F397889,NannieA9@gmail.com,+1 (365) 145-5112,2018-07-15,0
F73680,RobertS2@gmail.com,(900) 300-8211,2018-02-06,0
R326439,BarbaraR5@gmail.com,(769) 719-8221,2018-08-27,187825
P188119,AbigailS1@gmail.com,(246) 923-1435,2018-08-29,504096
I68806,BarbaraS1@gmail.com,(513) 655-4583,2018-03-15,0
I414219,DavidS8@gmail.com,(560) 695-7528,2018-11-24,0
G100635,AudreyE8@gmail.com,(516) 747-0666,2018-11-09,728948
T343757,TamaraN5@gmail.com,(351) 128-4712,2018-11-24,0
I14411,TheresaC1@gmail.com,(187) 140-4851,2018-01-10,917334
Q414607,DavidM3@gmail.com,(770) 262-5675,2018-02-25,889230
B57963,LisaC2@gmail.com,(372) 581-5029,2018-11-18,644173
X194346,WillieW3@gmail.com,(665) 649-1669,2018-04-12,618893
L227795,RafaelR1@gmail.com,(174) 514-7140,2018-03-09,303660
D322241,AntonioC9@gmail.com,(359) 352-9852,2018-07-25,273984
G159247,HelenJ6@gmail.com,(503) 331-5716,2018-05-03,0
Q369850,GeorgeJ0@gmail.com,(611) 452-9963,2018-10-19,12670
L309794,MaryM1@gmail.com,(392) 602-6747,2018-09-04,880984
J310233,MargaretJ2@gmail.com,(232) 534-6311,2018-05-29,766431
Y275985,EricA3@gmail.com,(398) 207-1282,2018-02-27,457130
Z359668,ScottP8@gmail.com,(683) 927-8332,2018-06-23,0
W422133,BrandiS9@gmail.com,(890) 145-1662,2018-09-26,0
U309821,KathleenC1@gmail.com,+1 (112) 111-0387,2018-03-31,951068
T470815,AltheaJ4@gmail.com,(469) 939-0299,2018-04-02,482807
T60372,VanessaW2@gmail.com,(322) 037-6517,2018-02-17,664063
Q391112,WilliamJ5@gmail.com,(716) 851-6693,2018-04-22,0
T266750,KarlJ0@gmail.com,(149) 050-0528,2018-03-13,618298
J456931,AntoinetteL0@gmail.com,+1 (889) 850-9435,2018-02-28,481378
Y256435,TonyM8@gmail.com,(779) 165-0789,2018-08-24,881765
Q215319,GertieK0@gmail.com,(124) 955-6369,2018-07-26,0
O57640,HowardG9@gmail.com,(844) 449-9239,2018-10-01,253184
G475308,CarolB0@gmail.com,(697) 966-5604,2018-01-13,867082
P337780,JamesG1@gmail.com,(361) 575-0473,2018-08-15,0
Y25958,MargaretaS7,(628) 348-1843,2018-04-06,524029
U280212,FrancesB8@gmail.com,(971) 332-9578,2018-08-30,888291
J110549,DavidA1@gmail.com,(643) 379-3590,2018-09-27,0
B421324,RodneyS3@gmail.com,(193) 344-2901,2018-05-21,0
W141622,AmandaH2@gmail.com,(894) 907-0123,2018-09-22,26142
L284065,HeatherD1@gmail.com,(271) 331-4473,2018-03-13,0
W204008,RitaJ6@gmail.com,(649) 188-5068,2018-04-15,143871
X175376,NoemiE0@gmail.com,(837) 206-1257,2018-03-19,553501
N177522,EdithT4@gmail.com,(321) 201-3511,2018-08-18,11912
F342374,BerthaJ6,(417) 406-6682,2018-09-11,0
U486010,DanielL4@gmail.com,(548) 180-7242,2018-04-08,272275
A431923,VirginiaJ8@gmail.com,(276) 994-5721,2018-11-28,987470
C294437,EmilyH6@gmail.com,(815) 471-9076,2018-08-26,161337
R241916,DessieM1@gmail.com,(776) 244-9903,2018-06-12,131264
G351105,RobertL9@gmail.com,(608) 465-2994,2018-03-29,0
Z143603,WilliamM9@gmail.com,(259) 138-4536,2018-10-01,906910
B322837,PennyA8@gmail.com,(130) 393-0178,2018-08-28,0
T318475,SandraJ2@gmail.com,(529) 290-3110,2018-05-11,926944
K104764,MariaJ5@gmail.com,(820) 321-3040,2018-01-17,328582
W23922,MildredJ5@gmail.com,(200) 397-2587,2018-11-05,0
W237030,CarolY9@gmail.com,(690) 749-4425,2018-01-23,906935
K236825,BernardH4@gmail.com,(460) 326-3053,2018-07-11,84866
A56920,NichelleT1@gmail.com,(732) 246-0057,2018-06-25,36727
S352847,GeraldL2@gmail.com,(368) 171-4860,2018-01-09,258727
Z235859,HattieE5@gmail.com,(700) 639-0354,2018-02-03,866066
S262304,JordanC6@gmail.com,(891) 810-4158,2018-03-27,975691
S62408,AnneC3,(314) 906-7278,2018-12-18,718245
D122327,PeterA7@gmail.com,(472) 909-6611,2018-03-20,246444
G242778,WillieK5@gmail.com,(575) 727-2146,2018-10-14,358278
J397260,FannieT3@gmail.com,(257) 060-1909,2018-07-24,877850
S465683,MarianelaE8@gmail.com,(748) 502-7781,2018-06-20,588483
N461314,PatrickJ8@gmail.com,(799) 950-8148,2018-02-03,689016
W20729,LeighW0@gmail.com,(673) 528-9370,2018-10-16,505160
H103972,MatthewL9@gmail.com,(652) 212-1137,2018-08-20,521171
T330602,ChristiK1@gmail.com,(755) 530-8698,2018-05-30,0
K307195,RuthC1@gmail.com,(333) 575-8799,2018-04-09,420716
S357309,TrudyC8@gmail.com,+1 (769) 365-9648,2018-03-31,554602
L3912,NoraK2@gmail.com,+1 (676) 774-6025,2018-08-13,284512
A455426,BillyC8@gmail.com,(447) 024-4199,2018-06-24,111483
G226104,CharlieK1@gmail.com,(698) 967-2786,2018-12-18,640144
A396265,AdrianeW7@gmail.com,(937) 802-9135,2018-03-02,524246
F211747,KarenM2@gmail.com,(679) 686-3976,2018-03-03,727500
F213352,NancyD0@gmail.com,(645) 824-0881,2018-12-26,0
W35904,StevenR7@gmail.com,(574) 876-9539,2018-08-02,883546
W92401,WilliamK7@gmail.com,(177) 817-8055,2018-09-16,0
G49548,ChristopherA1@gmail.com,(347) 301-0470,2018-12-06,177921
S148655,DonaldB5@gmail.com,+1 (718) 366-0377,2018-09-20,351339
F272766,FredrickK8@gmail.com,(880) 418-7221,2018-03-09,754025
A234546,TiffanyD8@gmail.com,(589) 027-7731,2018-07-15,999999999999
C363945,LeonardB3@gmail.com,(724) 714-7773,2018-08-21,0
Z569,CarlosP9@gmail.com,(735) 136-0575,2018-11-24,291077
D288121,HollyK1@gmail.com,+1 (815) 265-5379,2018-12-23,293641
K254570,RonaldL3@gmail.com,(144) 590-5797,2018-05-11,163797
W473817,DianeG0@gmail.com,(950) 195-5819,2018-04-20,960026
P476899,MariaP9@gmail.com,(516) 502-5978,2018-04-03,662545
V16607,MariaY1@gmail.com,(588) 867-1424,2018-03-21,0
U487031,ClintonN6@gmail.com,(349) 999-9024,2018-05-03,387259
C7528,RoseK7@gmail.com,(620) 951-3007,2018-06-22,150800
V372337,LillianE7@gmail.com,(476) 991-0432,2018-11-28,727746
H224596,GeorgeJ5@gmail.com,(509) 500-9134,2018-12-29,0
O221983,RoyR5@gmail.com,(927) 821-9862,2018-03-14,936737
R2577,BarbaraC4@gmail.com,(533) 259-1158,2018-05-19,0
E113657,MargaretW6,(981) 671-5433,2018-09-30,965558
E326689,TerranceJ7@gmail.com,+1 (222) 871-7221,2018-03-15,910421
Y170572,DarlaT8@gmail.com,(246) 681-5450,2018-09-13,575039
R158826,BobbyR3@gmail.com,+1 (410) 259-4998,2018-01-30,0
Z229785,JamesC8,(459) 723-1868,2018-11-15,999999999999
G107555,RichardD7@gmail.com,(561) 314-3776,2018-02-18,741990
S108054,LillieR7@gmail.com,(251) 495-4728,2018-06-29,0
H221944,SusieT7@gmail.com,(587) 383-0952,2018-04-15,0
H252536,JeffreyM2@gmail.com,(446) 821-6685,2018-12-21,516895
Q429569,CarmenT2@gmail.com,(953) 850-4866,2018-07-25,553294
I148413,ConnieS3@gmail.com,(464) 184-7616,2018-10-20,451504
C134068,WilliamJ5@gmail.com,(715) 370-6531,2018-11-29,297209
W259330,RogerM9@gmail.com,+1 (359) 777-8482,2018-11-05,700239
G228437,CarolA8@gmail.com,(871) 837-9503,2018-02-12,0
D295653,MauriceW4@gmail.com,(144) 072-2414,2018-04-17,270074
S58528,GlennJ7@gmail.com,(562) 566-6525,2018-09-04,338623
B494416,SharonM6@gmail.com,(884) 680-8226,2018-11-08,688481
V357344,DavidJ0@gmail.com,(859) 760-1730,2018-01-07,295840
W145864,JamesJ4@gmail.com,(947) 231-1398,2018-10-17,0
X28792,PhillipJ0@gmail.com,(120) 523-3674,2018-05-20,891851
K137224,JamesT3@gmail.com,+1 (168) 735-8433,2018-08-26,731466
K398111,MatthewN1@gmail.com,(114) 838-7615,2018-03-27,731524
W292738,ValerieJ5@gmail.com,(877) 044-2197,2018-10-28,148374
D394882,RichardJ9@gmail.com,(235) 052-4777,2018-01-25,0
E425500,ElizabethJ2@gmail.com,(606) 894-4833,2018-04-07,110871
T328895,JoseJ0@gmail.com,(503) 685-4478,2018-03-21,455244
L474443,DeborahJ4@gmail.com,(651) 504-3786,2018-09-11,62449
G105308,VickieS6@gmail.com,(905) 239-8156,2018-02-27,251789
Z105719,JulieJ1@gmail.com,(518) 552-9886,2018-11-03,0
A400462,MariaA3@gmail.com,(634) 413-5838,2018-01-18,0
D279766,TracieL5@gmail.com,(699) 720-2096,2018-05-04,193147
W291132,MeganM6@gmail.com,(653) 021-1815,2018-10-05,0
R54959,WayneJ3@gmail.com,(600) 808-3398,2018-09-23,879988
Q27624,DianaA2@gmail.com,(271) 996-2372,2018-01-07,438845
K247828,GeneM4@gmail.com,(702) 094-7491,2018-04-23,724098
T487023,PaulC2@gmail.com,(490) 021-9014,2018-12-27,640116
U59193,JoeJ9@gmail.com,(592) 473-6737,2018-07-17,994364
R169799,SoniaK9@gmail.com,(634) 390-1548,2018-12-18,502519
X176620,PatriciaL9@gmail.com,(345) 408-1172,2018-07-22,548197
Q115069,AaronS2@gmail.com,(834) 561-3685,2018-08-21,172587
T120867,MckenzieA5@gmail.com,(726) 162-4184,2018-05-20,0
M387408,JordonJ4@gmail.com,+1 (872) 494-1204,2018-07-19,0
Y158520,StevenA9@gmail.com,(973) 375-8413,2018-01-25,886271
Q253421,LuzR0@gmail.com,(552) 659-5448,2018-08-15,168484
L163400,WilliamJ1@gmail.com,(951) 638-0240,2018-02-21,239825
V32450,JohnL6@gmail.com,(429) 177-9087,2018-10-01,0
G21324,EmelyV7@gmail.com,+1 (929) 919-7272,2018-01-28,76123
F95265,DawnM5@gmail.com,(550) 166-9753,2018-07-29,174443
S345692,TrishaR9,(834) 056-9923,2018-12-08,318110
Z374138,NicholasL7@gmail.com,+1 (524) 283-0965,2018-08-05,353700
E247623,MaureenE4@gmail.com,(395) 421-3046,2018-09-10,243439
T272122,AdamE2@gmail.com,(934) 120-1287,2018-01-05,75908
M293590,NormaD3@gmail.com,(971) 714-6526,2018-01-05,597874
S239853,RolandD6@gmail.com,(163) 685-4452,2018-07-03,0
W155024,AdrienneT5@gmail.com,(149) 376-9797,2018-03-13,328051
F166143,ScottR8@gmail.com,(180) 827-4450,2018-04-16,0
O481173,CorineF8@gmail.com,(293) 989-1221,2018-04-25,636427
I77604,MaryW8@gmail.com,(276) 154-7380,2018-04-30,305789
J170240,CarsonA6@gmail.com,(252) 039-8663,2018-07-05,0
G22963,JamesL4@gmail.com,(182) 409-7957,2018-01-08,222660
Z218554,MartaR7@gmail.com,(494) 286-8865,2018-11-14,642476
E223177,MichaelD3@gmail.com,(664) 368-4792,2018-06-04,0
Z298746,BeatriceR5@gmail.com,(248) 573-5452,2018-12-16,0
X458966,LeonardB4@gmail.com,(985) 550-8548,2018-01-01,187161
S91330,DwightA3@gmail.com,(116) 279-1067,2018-08-07,0
P272221,FrankC1@gmail.com,(253) 848-1992,2018-09-05,0
Z344617,RhondaR6@gmail.com,(612) 998-5915,2018-05-12,0
O127277,LynnA7@gmail.com,(530) 490-5005,2018-07-29,159382
D362675,JaneA9@gmail.com,(351) 698-1795,2018-01-08,511078
M317033,MartinA3@gmail.com,(357) 332-1071,2018-08-20,621939
M116294,KarenH1@gmail.com,(164) 820-0097,2018-10-15,38272
S437717,EmanuelS3@gmail.com,(721) 755-2337,2018-11-05,0
B204762,StanleyG4@gmail.com,(343) 377-0346,2018-08-04,99524
T449277,PatrickD9@gmail.com,(169) 520-2527,2018-11-15,0
T190853,ScottJ8@gmail.com,(257) 055-0669,2018-06-07,0
Y210974,JuanM1,(578) 297-9240,2018-08-22,523404
I116802,MarkJ0@gmail.com,(608) 469-5919,2018-01-12,463639
F433568,AdamD9@gmail.com,(473) 313-7618,2018-01-12,59051
T5734,MarianV2@gmail.com,(106) 376-6309,2018-08-22,469437
N7237,MichaelW8@gmail.com,(572) 120-7402,2018-12-13,688029
F3516,LawrenceN5,(996) 392-3497,2018-07-06,119182
I188542,SheilaT4@gmail.com,(489) 279-2220,2018-07-28,937852
M68603,LeslieN7@gmail.com,(658) 246-2956,2018-01-17,630738
U37731,LutherC1@gmail.com,(389) 253-8093,2018-09-09,200671
W298332,AshleeS8@gmail.com,(378) 196-7939,2018-10-08,776731
S383318,ThomasS3@gmail.com,(803) 967-9917,2018-12-29,486087
B344288,TommyA9@gmail.com,(157) 772-4471,2018-02-11,0
W305835,EdgarC7@gmail.com,(605) 818-1151,2018-10-06,0
Y192582,TheresaT4@gmail.com,(487) 052-1911,2018-05-28,760135
Z498208,VirgilH5@gmail.com,(517) 356-5395,2018-02-26,819865
A136498,KarlS2@gmail.com,(162) 823-2157,2018-02-21,664033
D244236,PeterA0@gmail.com,(883) 426-4952,2018-06-03,522330
N356031,WesleyF3@gmail.com,(219) 333-5938,2018-04-15,514290
N195905,JeanK0@gmail.com,(984) 595-8073,2018-03-29,403749
V44631,CindyS4@gmail.com,(301) 175-6702,2018-12-19,206265
D228321,LanceK3@gmail.com,(184) 357-1029,2018-02-11,252467
Y68745,MelvinC1,(586) 809-3768,2018-05-09,99874
X16739,LauraS9@gmail.com,(909) 254-6505,2018-05-06,0
U231879,SteveW4@gmail.com,(854) 577-0781,2018-05-05,624708
P194407,MaryL4@gmail.com,(993) 905-1624,2018-06-24,679109
V291423,SondraS1@gmail.com,(376) 842-7498,2018-06-19,221699
R78245,NellC2,(702) 296-5769,2018-03-31,148000
E431996,PaulN2@gmail.com,(189) 574-8783,2018-04-22,655841
T184259,PamelaJ0@gmail.com,(843) 802-5514,2018-04-07,736552
I386514,BobbieD2@gmail.com,(791) 053-2772,2018-08-28,962105
S435640,VioletG7@gmail.com,(250) 248-1553,2018-11-29,109753
O476964,KimC9@gmail.com,(184) 950-5638,2018-02-02,656942
Q159601,MiJ1@gmail.com,(513) 331-9266,2018-06-05,456901
P315664,RobertoJ6@gmail.com,(442) 820-0474,2018-03-04,815279
T431092,KevinE0@gmail.com,(384) 145-9023,2018-06-21,372400
X200239,CynthiaD1@gmail.com,(538) 759-1485,2018-09-12,59121
W177094,RobertS3,(353) 923-4657,2018-02-04,0
Q8168,LouiseS8@gmail.com,(456) 495-2441,2018-10-26,5458
W201227,JordanR8@gmail.com,(407) 277-0935,2018-08-26,0
N351659,VincentJ8@gmail.com,(317) 243-6708,2018-03-05,724620
D356634,DeborahG2@gmail.com,(553) 113-1924,2018-08-29,144323
J86065,BlancaF3@gmail.com,(107) 320-6925,2018-07-05,0
O470233,ChristopherR0@gmail.com,(577) 315-1179,2018-04-16,964959
Y184327,RoslynA9@gmail.com,(189) 980-3698,2018-01-05,0
F352244,RonaldL6@gmail.com,+1 +1 (518) 230-9492,2018-08-27,973118
J406375,LavernK0@gmail.com,(484) 090-5673,2018-07-04,990776
Z282324,FlorenceR5@gmail.com,(155) 279-4458,2018-10-29,0
W223479,KenA9@gmail.com,(243) 158-2576,2018-11-26,154425
H448079,RobertW5@gmail.com,(209) 630-2928,2018-08-23,0
K250671,MyongJ2@gmail.com,(563) 380-9160,2018-04-16,26772
A491361,AllysonM1,(486) 261-1509,2018-10-18,451287
L340008,LeroyT6@gmail.com,(419) 569-5341,2018-01-03,52442
G39732,LiliaR6@gmail.com,(872) 408-7581,2018-09-12,190905
J378724,MyrnaG2@gmail.com,(117) 273-5856,2018-12-14,0
V451805,KellyJ7@gmail.com,+1 (185) 685-3011,2018-07-14,178396
Q381924,ScottH6@gmail.com,(647) 936-9979,2018-03-22,882629
V30215,ShellyB2@gmail.com,(835) 775-5768,2018-04-01,191335
P120010,FreddyM0@gmail.com,(212) 036-7596,2018-03-29,740704
D178083,TonyJ1@gmail.com,(919) 856-5411,2018-08-29,93300
Z350695,DonA6,(465) 900-6022,2018-10-18,0
B383138,JoannA1@gmail.com,(706) 481-1635,2018-01-02,0
T379264,PeterT1@gmail.com,(886) 373-1778,2018-06-27,415323
R233143,KathrineD6@gmail.com,(302) 330-1785,2018-11-11,18261
Z68521,MicheleR6@gmail.com,(868) 140-1692,2018-08-01,58747
B421689,CarmonK8@gmail.com,(668) 015-8351,2018-12-23,0
B440937,EarlD7@gmail.com,+1 (953) 003-4672,2018-01-14,800524
Q249459,GuyL7@gmail.com,(367) 290-2816,2018-09-26,466109
U21520,RichardD4@gmail.com,(290) 254-8157,2018-11-15,945735
Y373201,KendallG2@gmail.com,(444) 785-2363,2018-12-12,0
Z170966,ScottJ3@gmail.com,+1 (819) 836-3508,2018-08-01,718738
W496251,JanetL5@gmail.com,(222) 679-7835,2018-08-01,261582
O373632,MurrayC4@gmail.com,(389) 886-8928,2018-11-16,0
U293767,LillianC3@gmail.com,(200) 940-0092,2018-07-28,300507
Z309900,JanetA8@gmail.com,(968) 293-2195,2018-04-06,674488
M5116,RobertT5@gmail.com,(122) 250-7994,2018-08-22,0
L347257,GeorgeK7@gmail.com,(770) 191-7958,2018-06-04,173695
O140213,RobertJ7@gmail.com,(405) 180-9753,2018-05-03,158584
Y136167,ShannonM7@gmail.com,(804) 029-6382,2018-01-31,0
B311465,WillD4@gmail.com,(152) 393-8176,2018-12-25,0
G277006,JeanS8@gmail.com,(840) 129-9195,2018-06-17,404926
U83143,JamesW8@gmail.com,(131) 798-1155,2018-03-18,601723
G406898,JoseK8@gmail.com,(960) 377-9085,2018-02-28,488453
P34027,JoyceG7@gmail.com,(855) 040-2925,2018-01-17,6795
D323717,RickyM6@gmail.com,(813) 319-0649,2018-11-02,400301
G118807,WilmaV8@gmail.com,(386) 818-5955,2018-01-04,0
W408681,GordonN8@gmail.com,(874) 077-3903,2018-06-21,483058
W383350,MarkR2@gmail.com,(718) 727-7347,2018-05-09,52027
M220629,DonnaE2@gmail.com,+1 +1 (886) 680-6222,2018-05-09,0
N111676,LouellaM2@gmail.com,(589) 454-7676,2018-12-17,0
H342665,LindsayW6@gmail.com,(112) 644-2741,2018-07-12,591195
S418466,JaneM8@gmail.com,(484) 887-7823,2018-05-13,597905
L76073,NancyL1@gmail.com,(365) 677-8951,2018-12-27,947820
Z105337,JacquelineB5@gmail.com,(938) 016-9954,2018-12-13,515824
T474574,RenaJ3@gmail.com,(939) 090-0692,2018-10-27,0
W121234,DawnA8@gmail.com,(558) 741-9489,2018-08-08,894386
S384257,StaceyM1@gmail.com,(297) 312-7338,2018-02-07,649907
E277383,EmmaM3@gmail.com,(516) 122-4274,2018-07-30,498210
B276461,DannyJ6@gmail.com,(110) 732-8431,2018-04-08,710080
G143403,HarveyV5@gmail.com,(743) 333-3682,2018-07-13,388713
D102099,HaroldN3@gmail.com,(524) 660-0257,2018-10-16,0
G57635,HaroldT1@gmail.com,(494) 122-6879,2018-04-16,0
E395238,PennyC1@gmail.com,(281) 157-9646,2018-04-14,0
P478836,GordonS8@gmail.com,(615) 093-8708,2018-07-01,0
F414066,DominqueA6@gmail.com,(234) 693-3039,2018-04-13,89791
U457937,RogerL4@gmail.com,(731) 982-6426,2018-08-02,172377
X38196,SarahT5,(179) 951-0390,2018-07-06,364635
R199053,CalvinA2@gmail.com,(121) 317-3226,2018-03-10,198129
L328772,PrincessJ2@gmail.com,(470) 441-0821,2018-07-22,485390
H240128,HowardM9@gmail.com,(399) 777-6838,2018-01-05,923183
W52834,ValeriaR7@gmail.com,(547) 780-5548,2018-05-14,257574
O250591,FidelR6@gmail.com,+1 (237) 785-4025,2018-09-16,652092
D241970,JohnL4@gmail.com,(426) 940-4424,2018-07-04,0
C483870,RaymondV6@gmail.com,(232) 071-2929,2018-01-16,446835
R106677,TerrieK1@gmail.com,(102) 455-4907,2018-06-04,655374
V360874,GaryR1@gmail.com,(336) 982-7463,2018-07-26,383720
B146241,DarleneH5@gmail.com,(195) 746-5744,2018-12-26,0
R204993,MichaelJ8@gmail.com,(810) 180-6322,2018-01-12,620257
C482608,StephanieA2@gmail.com,(139) 348-0846,2018-02-11,88478
F393277,TanyaA9@gmail.com,+1 (897) 138-1668,2018-11-29,739734
E140104,RonaldS0@gmail.com,(570) 267-7998,2018-01-10,160653
D387856,JesusK9@gmail.com,(693) 651-0344,2018-02-07,475888
P389369,MarvinD3@gmail.com,(835) 208-5739,2018-09-13,109548
N444213,AndrewR2@gmail.com,+1 (844) 505-5922,2018-01-08,422782
P432652,MichelleD0@gmail.com,(928) 431-9537,2018-03-18,102817
B151345,BonnieW4@gmail.com,(911) 695-9071,2018-11-23,0
G394680,LindaJ4@gmail.com,(335) 561-2658,2018-02-18,0
P165893,WilliamJ3@gmail.com,(147) 930-8399,2018-02-15,590543
O199055,WalterJ9@gmail.com,+1 (130) 131-5706,2018-01-09,992518
Q497468,BrandonA2@gmail.com,(577) 858-0258,2018-10-19,999999999999
G173732,CarolP8@gmail.com,(584) 334-6623,2018-08-20,104953
D154623,KellyK9@gmail.com,+1 (499) 102-8900,2018-12-17,591348
O324729,RayE3@gmail.com,(792) 178-0269,2018-07-21,0
X190311,RichardE1@gmail.com,(873) 102-7210,2018-08-08,903361
S108039,JeffreyA8@gmail.com,(618) 592-3933,2018-08-15,889217
K163015,WilliamP9,+1 (759) 763-4825,2018-10-19,667526
K196618,BrittanyJ0@gmail.com,(743) 281-6085,2018-04-24,35367
G260205,MatthewJ5@gmail.com,(152) 325-2606,2018-10-10,19663
U249660,DorothyD8@gmail.com,(405) 085-9269,2018-07-06,585451
C170243,EdwardR6,(352) 102-6927,2018-12-03,0
G83488,MarieD8@gmail.com,(160) 813-7309,2018-11-20,0
T440538,AlR4@gmail.com,(241) 075-2482,2018-09-10,876498
O384694,DonaldR1@gmail.com,(221) 340-1886,2018-09-28,837485
L358442,LisaS7@gmail.com,(971) 063-5702,2018-09-09,156281
W376146,AnthonyB5@gmail.com,(556) 841-3702,2018-12-08,345515
U472976,BettyR9@gmail.com,(656) 310-5607,2018-12-01,929260
O149697,DorothyF3@gmail.com,(727) 765-2555,2018-02-02,900785
U192445,EmmaJ3@gmail.com,(457) 346-4257,2018-01-29,722299
S372211,CarlC5@gmail.com,(802) 003-6209,2018-12-17,0
N473677,AndrewF7@gmail.com,(114) 833-1072,2018-05-11,411584
E370120,KimberlyT6@gmail.com,(796) 699-2541,2018-03-25,999999999999
O356394,TrevorN6@gmail.com,+1 (894) 487-6250,2018-03-11,0
D430587,JulieM0,(317) 284-2618,2018-07-03,379971
G334462,CarolS1@gmail.com,(148) 587-4455,2018-12-25,90708
I122399,BethF3@gmail.com,(736) 963-7830,2018-11-29,0
R441047,JimmyR6@gmail.com,(678) 869-4741,2018-09-08,770349
P18094,JuanJ8,(221) 706-2581,2018-10-27,146605
R64208,TerraD5@gmail.com,(891) 278-5418,2018-12-22,293112
H489909,JaniceJ7@gmail.com,(172) 354-1075,2018-12-20,805117
U22088,JohnS3@gmail.com,+1 (859) 238-2039,2018-02-06,265641
R267874,SamuelK2@gmail.com,(640) 368-7469,2018-11-23,0
Q277799,HaleyL4@gmail.com,(403) 727-7761,2018-08-08,0
I202783,DianeE2@gmail.com,(472) 933-4223,2018-09-29,0
P447193,LydiaS5@gmail.com,(892) 709-6258,2018-05-28,221036
I411914,RobertJ7@gmail.com,(899) 409-1483,2018-03-11,18713
V166059,SarahS6@gmail.com,(351) 142-4313,2018-10-15,417875
G21366,SallyM3@gmail.com,(676) 238-3422,2018-12-05,0
U12980,MelissaJ7,(332) 224-8362,2018-01-31,744035
W211825,DorrisK0@gmail.com,(443) 370-2709,2018-10-18,89291
F440497,TimothyS9@gmail.com,(150) 992-8661,2018-04-20,757920
V174076,LisaS6@gmail.com,(351) 980-2842,2018-02-13,0
P216956,JamesC0@gmail.com,(219) 686-0541,2018-05-29,259201
B246278,TravisM8@gmail.com,+1 (285) 393-8726,2018-08-15,0
K444967,RandyM1@gmail.com,(395) 897-6635,2018-01-23,214578
B371512,JoseJ4@gmail.com,(957) 439-5792,2018-11-04,0
N180917,JamesJ0,(583) 186-1577,2018-03-13,0
P286142,DuaneA3@gmail.com,(913) 313-5655,2018-11-09,863984
G96503,JenniferB4@gmail.com,(982) 921-0347,2018-12-02,298030
W322051,BruceJ3@gmail.com,(506) 542-1242,2018-06-05,709025
M449421,CynthiaW9@gmail.com,(494) 371-4272,2018-10-03,179735
W477272,GregL5@gmail.com,(820) 303-9056,2018-07-31,570325
K76023,AprilW5@gmail.com,(269) 092-0217,2018-02-18,921189
V132386,KariP1@gmail.com,(373) 626-0595,2018-12-15,0
U239982,GeorgeR5@gmail.com,(111) 992-2451,2018-10-26,481356
E376150,RickeyC7@gmail.com,(133) 907-5028,2018-08-27,0
O252532,HelenE5@gmail.com,(464) 714-7250,2018-05-03,512413
S206715,MarthaJ0@gmail.com,(850) 346-5780,2018-11-08,0
L61262,FranciscoR5@gmail.com,(931) 886-9912,2018-01-06,252978
N387983,MarianneJ8@gmail.com,(755) 680-7427,2018-05-25,253282
K11857,BrianA8@gmail.com,(745) 553-6956,2018-06-26,805840
H363844,ColetteA2@gmail.com,(348) 826-3165,2018-10-01,350865
G402764,BrockR9@gmail.com,(826) 836-6639,2018-06-22,923922
P333310,HillaryJ1@gmail.com,+1 (877) 562-6572,2018-05-06,573863
Q264564,KirstenA4@gmail.com,(870) 997-6801,2018-12-22,437795
D451313,SydneyR8@gmail.com,(462) 047-2375,2018-02-17,0
W265,CherylL7@gmail.com,(485) 426-5786,2018-07-18,0
F487747,TheodoreK8,(271) 537-3609,2018-04-13,484825
Q336734,AngelinaJ1@gmail.com,(814) 867-0875,2018-08-17,0
Y298940,DaleV6@gmail.com,(906) 493-6930,2018-06-20,0
L153134,PaulE0@gmail.com,(937) 659-2882,2018-05-30,697567
J7415,PatriciaD5@gmail.com,(493) 565-5237,2018-12-07,0
U99120,StephanieD9,(424) 974-5387,2018-05-31,883959
O419274,JanieG9,+1 (909) 599-5865,2018-03-07,119861
F160006,JohnN3@gmail.com,+1 (718) 871-4659,2018-03-04,0
N238834,LyndseyM4@gmail.com,(206) 987-0465,2018-10-24,59624
U271848,RobertL8@gmail.com,(721) 127-1170,2018-11-14,0
P146488,VilmaC0@gmail.com,(693) 933-7201,2018-07-19,0
Z263249,DeannaJ3@gmail.com,(135) 503-8097,2018-10-12,942270
N343684,JamesG2@gmail.com,(836) 059-4412,2018-01-31,598547
R76872,ScottM0@gmail.com,+1 (799) 879-5095,2018-10-31,993936
O485186,PhyllisN3@gmail.com,(139) 779-2853,2018-09-26,0
N230882,RhondaC2@gmail.com,(709) 708-3974,2018-03-13,865867
R379169,GeorgeP5@gmail.com,(901) 442-9277,2018-11-04,391767
F217883,JohnM9@gmail.com,(658) 187-7511,2018-03-05,527531
U45596,MichaelG2@gmail.com,(655) 858-0153,2018-09-18,931440
K209669,MaryannC9@gmail.com,(340) 744-9498,2018-08-20,37169
T62343,MargaritaK9@gmail.com,(866) 985-8669,2018-11-09,211692
V12298,WarrenB4,(243) 687-4601,2018-02-27,304608
R151130,SylviaS3@gmail.com,(113) 466-9913,2018-09-27,0
F183891,EllaW4@gmail.com,+1 (120) 062-2061,2018-11-04,841869
W490422,AlphonseS9@gmail.com,(360) 394-9384,2018-04-14,351722
F360364,ReginaB7@gmail.com,(777) 360-8196,2018-02-05,595956
Z464592,KennethT7,(588) 549-8070,2018-07-08,668802
V499409,GretaW4@gmail.com,(658) 095-1374,2018-02-01,240506
N324312,VictorR9@gmail.com,(543) 640-4325,2018-10-05,500216
S341224,JoseK2@gmail.com,(968) 969-2791,2018-06-29,272104
R331949,MargaretA0@gmail.com,(789) 599-4619,2018-02-07,505998
G286485,SaraS1@gmail.com,(417) 523-7761,2018-04-24,0
X119387,RobertL2@gmail.com,(437) 065-2664,2018-01-21,955698
V103702,BonnieR5@gmail.com,(390) 798-2557,2018-10-08,0
H147288,LindaK1@gmail.com,(739) 900-7959,2018-07-24,0
X204041,MargaretG9@gmail.com,(928) 765-9004,2018-06-04,338458
R19656,TanyaF8@gmail.com,+1 (692) 895-1146,2018-06-21,532611
K271034,JaredT3@gmail.com,(341) 176-1206,2018-10-29,0
R188040,SamuelM0@gmail.com,(568) 808-5510,2018-06-19,247448
G268438,DanielA4@gmail.com,(300) 388-9699,2018-11-24,0
C265586,AaronA8@gmail.com,(255) 967-5508,2018-11-01,823287
H445569,JohnA9@gmail.com,(874) 000-0545,2018-11-23,672083
O490495,DanielB9@gmail.com,(549) 042-0593,2018-03-13,54218
W215289,JenniferA7@gmail.com,(611) 190-9143,2018-12-06,0
A465926,BenS3@gmail.com,(182) 525-8409,2018-10-01,0
F211255,TonyB5@gmail.com,+1 +1 (547) 519-4529,2018-08-02,869165
P350324,JohnB5@gmail.com,(873) 579-2471,2018-09-08,268623
Q399725,LenaB7@gmail.com,(958) 525-6715,2018-11-29,49207
P375759,PaulT2@gmail.com,(393) 735-3744,2018-09-18,613557
V379174,ConsueloE6@gmail.com,(916) 953-4503,2018-11-13,828951
V256543,MicahL7@gmail.com,(767) 962-1430,2018-05-10,0
U6695,StaceyJ4@gmail.com,(180) 507-4929,2018-02-28,0
Z362785,HowardP8@gmail.com,(372) 898-4799,2018-07-17,544511
C194277,AliceD6@gmail.com,(983) 352-2545,2018-01-08,0
A436926,CherylL8@gmail.com,(665) 633-1547,2018-05-15,14778
B326343,StephanieR1@gmail.com,(504) 002-2725,2018-08-05,0
Y113833,LoisK4@gmail.com,(267) 122-4125,2018-07-29,457938
K344048,EdgarS7@gmail.com,(677) 852-1326,2018-06-27,307509
K174986,JamesT6@gmail.com,(288) 617-9234,2018-06-25,0
H291007,JaimeA8@gmail.com,(946) 040-0879,2018-10-30,612039
M156501,EdwardM3@gmail.com,(899) 232-8154,2018-10-24,0
G369235,BreannaE7@gmail.com,(502) 349-8209,2018-10-06,0
H461380,WilliamL7@gmail.com,(967) 542-2043,2018-05-27,899803
O449147,NadaS6@gmail.com,(327) 913-1210,2018-01-25,746918
D97793,KenM6@gmail.com,(630) 096-3621,2018-08-24,0
L115452,MarieG8@gmail.com,(705) 458-2553,2018-05-19,511802
H229024,ChristopherK9,(625) 711-7205,2018-12-02,975679
Z307823,WillardC8@gmail.com,(582) 651-7561,2018-04-17,0
N364763,RobertD8@gmail.com,(506) 750-5055,2018-02-17,979797
G262825,FredA3@gmail.com,(357) 570-1212,2018-09-23,541406
V93805,RonaldE1@gmail.com,(146) 409-0220,2018-12-06,0
S199922,AllenD5@gmail.com,(309) 476-1687,2018-06-06,0
Z6813,HenryS2@gmail.com,(719) 704-8211,2018-02-05,0
N332330,BarbaraG8@gmail.com,(650) 253-4803,2018-10-03,642152
K444458,BlairM3@gmail.com,(993) 743-4865,2018-05-06,618515
E316384,DebraD7@gmail.com,(525) 608-3109,2018-09-18,0
N267902,WilliamV5@gmail.com,(722) 242-1563,2018-01-02,0
R493951,EverettS0@gmail.com,(473) 874-3866,2018-10-11,458429
W192400,JohnC5@gmail.com,(517) 970-2293,2018-11-22,452981
G109180,AnaT1@gmail.com,(556) 073-2469,2018-02-12,350898
Y192096,RobertL4@gmail.com,(848) 020-4837,2018-08-14,0
M190314,JohnM4@gmail.com,(137) 510-8516,2018-05-14,574519
B437861,JasonR9@gmail.com,(707) 247-7614,2018-01-20,515586
A55792,ByronR0@gmail.com,(661) 710-1739,2018-09-14,835302
V452131,CarolM8@gmail.com,(184) 624-4126,2018-06-30,247288
C375072,NoraL2@gmail.com,(773) 683-2915,2018-04-13,0
B277428,DorothyE6@gmail.com,(340) 286-0238,2018-08-27,85269
B165336,PerryE7@gmail.com,(948) 051-7944,2018-12-28,0
B118390,GarryC0@gmail.com,(558) 362-0574,2018-07-20,0
X424799,DanielD6@gmail.com,(710) 809-7633,2018-07-15,164729
R266271,CharlesA4@gmail.com,(467) 699-5548,2018-08-13,796326
X234615,CarlE4@gmail.com,(300) 944-8074,2018-07-01,267063
U410242,LewisC4@gmail.com,(106) 953-5860,2018-07-11,0
A70733,AndrewK7@gmail.com,(935) 426-8970,2018-07-20,475987
L265645,RandyJ2@gmail.com,(324) 726-6801,2018-09-22,193878
J7095,GlennM9@gmail.com,(162) 774-7050,2018-02-18,382518
J334542,AnnaA2@gmail.com,+1 (782) 186-0438,2018-03-01,603542
I361792,JohnM9@gmail.com,(126) 274-0701,2018-01-04,32145
O249819,CristinaJ6@gmail.com,(651) 430-8333,2018-08-24,749298
B331536,WilliamK6@gmail.com,(219) 050-8352,2018-08-23,246555
F301682,EthelP3@gmail.com,+1 (389) 120-0592,2018-10-12,185872
P309860,AlexG2@gmail.com,(737) 659-8818,2018-01-02,208622
E11561,JustineD6@gmail.com,(449) 398-0387,2018-01-05,0
O408823,CharlesA1@gmail.com,(294) 285-6263,2018-05-06,0
U438173,TravisK2@gmail.com,(984) 743-5236,2018-05-09,0
F298270,KristenM4@gmail.com,+1 (616) 979-9209,2018-01-28,687733
M100811,JenniferD5@gmail.com,(258) 352-5192,2018-10-29,0
H430874,VickieJ3@gmail.com,(968) 464-5516,2018-09-05,0
X4499,BrookeR4@gmail.com,(280) 976-6111,2018-07-10,0
Q85309,WardD2@gmail.com,(690) 538-4254,2018-08-01,0
C101086,BillyM9@gmail.com,(774) 147-6158,2018-04-25,860451
I373366,WilfredoA5,(744) 681-1191,2018-04-07,668540
T83716,BeatriceA6@gmail.com,(608) 239-5370,2018-04-13,0
R221906,JohnM6@gmail.com,(920) 782-2795,2018-04-04,55056
Z366086,MelissaC7,(697) 316-5228,2018-02-21,935482
O296057,JosefaK8@gmail.com,(724) 637-6547,2018-04-25,987524
Y186217,JosephR3@gmail.com,(937) 830-9574,2018-10-06,239114
H79945,AntonioS2@gmail.com,(381) 966-6971,2018-12-05,737526
G186916,WillieW3@gmail.com,(446) 991-5040,2018-03-20,0
I202951,JackD1@gmail.com,(720) 946-9744,2018-10-16,905658
W177408,StephanieA9@gmail.com,(227) 071-7926,2018-01-07,0
M18683,CaryW3@gmail.com,(683) 133-5234,2018-11-28,564569
N467121,JohnR3@gmail.com,(909) 767-8916,2018-06-14,676386
P453851,ChristopherT5@gmail.com,(562) 492-6488,2018-09-25,0
Z204227,DanielleC2@gmail.com,(466) 591-6685,2018-09-14,522578
C114244,CarolynD1@gmail.com,+1 (999) 539-1261,2018-05-12,780548
B210320,EdithC0@gmail.com,(194) 038-4874,2018-02-25,538902
V137817,DonnaJ5@gmail.com,(176) 943-5046,2018-01-25,0
O457591,AuroraL9@gmail.com,+1 (524) 942-3084,2018-11-12,446611
S438287,AprilA4@gmail.com,+1 (811) 839-9297,2018-04-13,0
E62600,LeeJ8,(260) 257-6347,2018-11-02,327654
N286607,MargueriteM3@gmail.com,+1 (164) 318-2556,2018-05-09,0
M114390,TimothyJ4@gmail.com,(971) 155-8415,2018-04-06,341902
E74741,KennethM2@gmail.com,(150) 924-8545,2018-11-06,737695
R162679,EdwardM3@gmail.com,(904) 368-3955,2018-04-29,232569
G237738,MaryK6@gmail.com,(996) 735-8886,2018-07-26,0
U470418,RuthE5@gmail.com,(416) 152-6976,2018-03-31,261504
B291871,MichaelE1@gmail.com,(934) 867-0842,2018-04-06,671596
D262714,MarieM0@gmail.com,(494) 581-1362,2018-03-21,127362
I350821,FlorenciaR5@gmail.com,(191) 000-9814,2018-11-11,998858
N192791,DianaP1@gmail.com,(265) 979-3606,2018-11-22,977853
O118506,JaimeC7@gmail.com,(966) 505-3176,2018-07-23,0
J156065,MariaR3@gmail.com,(151) 267-5745,2018-09-14,0
I11445,ShawnW9@gmail.com,+1 (857) 376-3900,2018-09-30,208181
U489837,KristinC4@gmail.com,(904) 746-7239,2018-03-21,586996
S20885,MonicaD7@gmail.com,(489) 912-4196,2018-12-23,0
Y383125,JuliaE5@gmail.com,(239) 844-0626,2018-11-02,0
E303594,PatriciaJ2@gmail.com,(258) 206-3449,2018-02-13,889911
V446704,MauriceM8@gmail.com,(973) 853-1860,2018-12-23,336963
X432822,AmyC0@gmail.com,(285) 778-1365,2018-09-21,493230
L117100,TimothyB5@gmail.com,(480) 516-2239,2018-03-17,499781
Y405508,EarlG4@gmail.com,(461) 502-8982,2018-05-09,0
Z83319,JuanM6@gmail.com,(349) 022-5452,2018-12-27,74611
N490664,TimJ0@gmail.com,(634) 820-7904,2018-03-31,34255
R214865,CarminaS8@gmail.com,(380) 377-5719,2018-01-25,537970
L270169,AlanT3@gmail.com,(840) 922-5487,2018-03-05,337062
U337381,NanetteK7@gmail.com,(567) 236-7670,2018-09-26,0
J293353,MichaelG1@gmail.com,(844) 378-9555,2018-11-15,999999999999
O225526,RobertH8@gmail.com,(879) 165-7321,2018-08-21,0
N271400,KristinR9@gmail.com,(800) 015-5431,2018-12-27,0
K205584,CraigW5@gmail.com,(834) 103-8099,2018-06-27,671766
J114837,SarahT6,(187) 256-4248,2018-05-30,578027
K210024,MartinC7@gmail.com,(108) 010-3190,2018-06-05,999999999999
M482784,LilaV3@gmail.com,(905) 842-8252,2018-05-14,0
K314841,BarbaraJ3@gmail.com,(951) 847-1577,2018-02-05,748446
M36339,FrankT6@gmail.com,(281) 158-5436,2018-06-08,0
I22106,KrystalB9@gmail.com,(800) 769-5241,2018-03-19,374391
A41601,LitaL8,(454) 377-0213,2018-07-25,680996
J140792,VictorT7@gmail.com,(816) 529-3724,2018-06-30,0
P277046,LeslieS5@gmail.com,(129) 714-8323,2018-12-14,0
K183673,StephanieK4@gmail.com,(578) 972-9831,2018-09-28,781848
S483272,RebeccaJ0@gmail.com,(828) 122-9873,2018-11-21,249499
E497707,LillianB6@gmail.com,(900) 657-3237,2018-10-17,348602
Z221183,CathyA6@gmail.com,(632) 232-6146,2018-11-03,776263
S425757,LoriW1@gmail.com,(437) 574-6260,2018-09-24,0
M332696,CorneliusL7@gmail.com,(904) 874-6251,2018-04-06,929822
K349716,JamesR6@gmail.com,(263) 395-8784,2018-07-14,0
B486040,LillieD9@gmail.com,(116) 352-0292,2018-07-28,0
Y335452,MarjorieN0@gmail.com,(489) 797-7278,2018-07-21,615052
V224244,ElizabethW1@gmail.com,(300) 625-8603,2018-11-07,0
X428805,AnitaM1@gmail.com,(944) 506-3435,2018-07-03,49087
N77926,ChadM7@gmail.com,(703) 533-3557,2018-03-22,0
N320803,MichaelA8@gmail.com,(268) 806-2362,2018-11-22,0
F241898,VickiL7@gmail.com,(707) 920-6275,2018-11-25,818917
J323216,MikeD8@gmail.com,(361) 606-4491,2018-08-06,831924
W479072,CarolynL9@gmail.com,(270) 362-1321,2018-06-28,218370
W485024,RobertG5@gmail.com,(483) 617-4832,2018-04-20,0
E372194,MarkD5@gmail.com,(755) 294-2386,2018-11-19,561677
X290991,MichaelT1@gmail.com,(163) 279-3035,2018-01-08,106871
V114644,ChristopherP1@gmail.com,+1 (883) 557-6340,2018-11-05,939796
S385941,ElaineV0@gmail.com,(643) 895-1702,2018-02-28,0
P428200,ChristopherJ3,(649) 819-6864,2018-07-21,374261
O98927,LourdesJ5@gmail.com,(114) 590-4125,2018-12-17,956654
Q248916,JohnD5@gmail.com,(803) 704-0459,2018-11-15,491669
T422857,ShirleyL9,(328) 513-7842,2018-03-02,399545
T69688,TracyW0@gmail.com,(941) 268-5307,2018-04-22,0
H494641,MyrtleI6@gmail.com,(937) 911-2081,2018-05-13,491697
U194207,JoanJ5@gmail.com,(489) 082-8005,2018-05-23,0
R300847,VirginiaM4,+1 (663) 513-7463,2018-12-27,505549
I34601,YvonneK7,(440) 696-0721,2018-08-29,727481
Y56352,StaceyM0@gmail.com,(635) 219-8606,2018-02-03,0
Y303610,TaraT4@gmail.com,(907) 374-7026,2018-06-30,652755
J467946,RobertP7@gmail.com,(671) 257-7921,2018-03-22,953535
R249936,KennethJ3@gmail.com,(545) 162-0852,2018-01-15,0
M292911,JohnJ8@gmail.com,(507) 721-0358,2018-05-04,287513
O5473,DebraM6@gmail.com,+1 (953) 385-6697,2018-10-16,820669
B374284,DonnaJ0@gmail.com,(406) 048-6000,2018-12-02,0
D419951,JamesV1@gmail.com,(982) 152-5949,2018-11-23,605511
D129161,ChristopherT9@gmail.com,(100) 405-4811,2018-01-04,341471
L111197,VanessaR8@gmail.com,(120) 174-9752,2018-02-10,0
T163418,RoyK0@gmail.com,(970) 852-6996,2018-08-09,690666
S145846,HenryH3@gmail.com,(227) 113-5457,2018-08-13,0
E495833,AllenA1@gmail.com,(835) 498-4592,2018-10-22,380311
E435435,MasonM9@gmail.com,(110) 976-2172,2018-04-24,417949
R452393,DavidA4@gmail.com,(263) 458-2205,2018-02-09,0
O5515,KathleenT8@gmail.com,+1 (364) 247-1699,2018-07-16,186182
L135278,EltonT4@gmail.com,(369) 835-6037,2018-09-22,565044
I244438,CathyR5@gmail.com,+1 (635) 262-5572,2018-09-22,177581
U116863,MarcosZ0@gmail.com,(234) 139-1929,2018-12-27,96712
K223536,BrendaT0@gmail.com,(213) 287-2788,2018-09-22,0
L247252,BernettaD9@gmail.com,(963) 162-5374,2018-03-07,532048
E212669,JohnL4@gmail.com,(875) 282-2945,2018-02-11,915448
A387221,MaryL6@gmail.com,(473) 794-3381,2018-06-07,187757
R263015,CliffordR1@gmail.com,(412) 978-8262,2018-12-22,929310
M379051,JosephJ6@gmail.com,(598) 522-3103,2018-06-19,0
W348380,LeonaD2@gmail.com,(146) 019-5493,2018-04-07,0
Q102074,GladysK9@gmail.com,(740) 874-4222,2018-02-13,28689
W154276,DonnaD8@gmail.com,(377) 113-3681,2018-09-15,0
L368995,FrancesW0@gmail.com,(782) 589-1439,2018-11-24,0
Q55290,KeithR7@gmail.com,(194) 778-5017,2018-06-05,0
O343195,KennethJ4@gmail.com,(665) 488-8897,2018-08-04,386690
H101821,RuthD0@gmail.com,(533) 935-0067,2018-07-09,239432
D95150,AlbertS9@gmail.com,+1 (164) 914-9912,2018-01-20,732931
F479741,AnthonyB4@gmail.com,(591) 948-5179,2018-07-26,277577
Y435469,EleanorH9@gmail.com,(937) 597-5939,2018-07-24,0
F428631,KathleenG2@gmail.com,(260) 708-6290,2018-08-18,0
S270277,RhondaC3@gmail.com,(806) 367-7349,2018-11-14,204086
W24353,AustinG9@gmail.com,(274) 331-2158,2018-06-05,224063
Q256004,RobertT9@gmail.com,(858) 760-8317,2018-08-02,19807
Q336177,JoeC1@gmail.com,+1 (990) 933-7670,2018-04-18,538384
E128490,KatherineJ5@gmail.com,(840) 315-6681,2018-04-27,0
G55008,MaryP6@gmail.com,(849) 103-2854,2018-11-16,176821
N436170,RobertC5@gmail.com,(927) 345-3859,2018-08-11,776711
R340980,MarthaC3@gmail.com,(260) 188-0104,2018-02-21,801626
F231459,GaryB4@gmail.com,(574) 697-3107,2018-03-28,0
B368211,CoreyM7@gmail.com,+1 (990) 647-7851,2018-04-05,657683
R455160,MinnieA4@gmail.com,(349) 928-4707,2018-07-17,97534
Y462342,ThomasM7@gmail.com,(691) 696-1325,2018-09-09,0
N320461,HowardR0@gmail.com,(365) 682-7173,2018-03-16,811660
X160321,GaryL0@gmail.com,(491) 313-5244,2018-08-13,653038
U53478,MercedesL7,(163) 176-4621,2018-12-25,0
D340212,NickolasJ0@gmail.com,+1 (130) 564-4800,2018-12-09,0
B60720,BennieC2@gmail.com,(999) 363-0883,2018-07-23,653060
Y402727,NicoleD8@gmail.com,(905) 216-2368,2018-02-09,663580
I284169,RichardL6@gmail.com,(534) 875-4905,2018-09-11,412534
L98711,MaryR8@gmail.com,(345) 355-8636,2018-09-02,809922
Z127718,MarkC6@gmail.com,(206) 248-8545,2018-01-15,0
O499978,JoseC6@gmail.com,(668) 575-9693,2018-02-23,379449
S463236,MarthaM1@gmail.com,(177) 813-4052,2018-07-03,208745
Q398364,JohnT1@gmail.com,+1 (758) 211-2392,2018-05-27,834823
O177069,BarbaraC7@gmail.com,+1 (493) 791-4401,2018-08-06,0
H239376,HettieG2@gmail.com,(919) 605-6903,2018-08-21,936199
Y312793,TanjaC3@gmail.com,+1 (171) 113-5511,2018-06-07,0
R147275,BarryM2@gmail.com,+1 (577) 908-8624,2018-05-17,721126
G336041,JoeyK5@gmail.com,(816) 446-4725,2018-05-07,269780
J25252,WayneR0@gmail.com,(190) 434-1128,2018-09-29,748615
O354819,YolandaJ5@gmail.com,(707) 328-9459,2018-08-22,0
S223345,CurtisP2@gmail.com,(701) 005-0878,2018-10-28,0
J349483,TheodoreL6@gmail.com,(593) 930-4587,2018-10-30,0
T351314,RobertJ0@gmail.com,+1 (115) 692-3925,2018-06-06,568347
J421470,NatalieL9@gmail.com,(512) 726-3153,2018-03-14,872429
X362511,LelandM8@gmail.com,(859) 492-1471,2018-04-15,0
I84093,TinaA5@gmail.com,(627) 863-3929,2018-05-09,579320
U107911,LindaE8@gmail.com,(731) 299-0547,2018-06-17,403124
T384714,MarkP6@gmail.com,(395) 652-3033,2018-05-06,0
G414305,GoldieJ9@gmail.com,(360) 042-8287,2018-01-02,411612
Y418887,KeithS2@gmail.com,+1 (551) 419-5989,2018-04-19,0
U43300,GraceV4@gmail.com,+1 (264) 818-0557,2018-08-22,26977
M74410,MelvinT8@gmail.com,(284) 526-6933,2018-04-22,901791
W91960,ShirleyD9@gmail.com,(660) 531-2586,2018-06-27,939250
Q144159,AlexandraP4@gmail.com,(335) 220-8190,2018-09-19,376102
V11946,KarenD8@gmail.com,(727) 284-3048,2018-01-26,333020
Z204603,RosarioA9@gmail.com,(764) 110-4164,2018-11-10,971542
B144540,MatthewM7@gmail.com,+1 (355) 704-6450,2018-09-05,517693
V265342,DianaL9@gmail.com,(221) 912-4531,2018-06-14,713265
B320337,GloriaB6@gmail.com,(505) 200-0180,2018-03-23,0
T169008,GenevieveT3@gmail.com,(198) 034-5079,2018-11-13,181417
R51180,JeanJ0@gmail.com,(372) 687-1158,2018-12-13,716208
A197025,AllenN7@gmail.com,(875) 560-0466,2018-02-21,739508
A245053,MaryM4@gmail.com,+1 (909) 284-3618,2018-03-06,538648
Z55612,CharlesT8@gmail.com,(564) 392-9043,2018-10-23,0
C126021,NancyC7@gmail.com,(584) 928-3153,2018-12-09,435502
M7032,LewisF8@gmail.com,(521) 534-9144,2018-03-17,0
V304957,JustinF0@gmail.com,(331) 857-9827,2018-09-17,626652
K129470,MichaelR0@gmail.com,(370) 981-4479,2018-07-11,0
S367625,JoyceT0@gmail.com,(511) 676-7187,2018-01-28,0
A153224,RichardS7@gmail.com,+1 (389) 588-5143,2018-05-19,264193
B52629,JamesJ7@gmail.com,(854) 362-7482,2018-11-06,0
L252570,YolandaN3@gmail.com,(935) 434-6901,2018-03-28,731900
E7122,SeanD2@gmail.com,(853) 572-3075,2018-04-09,0
D20491,AndreaB1@gmail.com,(922) 770-7076,2018-03-15,667041
Z369612,LillieE6@gmail.com,(585) 323-2779,2018-12-31,739789
V269904,VirginiaD5@gmail.com,(798) 884-9576,2018-04-21,0
Q14624,MelanieA9@gmail.com,(527) 428-2915,2018-07-08,459025
H374209,CharlesR6@gmail.com,(826) 750-6621,2018-06-07,843844
A251792,RebeccaB2@gmail.com,(226) 645-1245,2018-01-06,0
P345093,JaredJ8@gmail.com,(912) 147-7886,2018-12-20,437388
T459191,MarkD4@gmail.com,(829) 002-8834,2018-06-05,0
C456988,LeishaJ0@gmail.com,(648) 045-4828,2018-04-11,224514
D176962,ErnestineR2@gmail.com,(298) 275-4101,2018-06-24,0
D281602,ChristopherS8@gmail.com,(372) 379-8099,2018-12-07,568041
G221902,DavidB9@gmail.com,+1 (487) 321-2454,2018-02-11,0
R51387,RobertaN8@gmail.com,(410) 904-1039,2018-06-23,0
U339048,KathlynS6@gmail.com,(181) 075-3454,2018-05-15,0
Q274325,DawnD7@gmail.com,(301) 083-6187,2018-08-12,999999999999
R155501,RoyG7@gmail.com,(356) 677-2914,2018-11-07,629352
L415619,MaryV9@gmail.com,(264) 319-2199,2018-03-26,486382
M446634,HermanE6@gmail.com,+1 (186) 459-5025,2018-11-02,0
C153744,EarlD6@gmail.com,(178) 406-2736,2018-09-09,81849
W369373,MarkR0@gmail.com,(313) 046-8582,2018-11-23,308351
N55517,HarrietE5@gmail.com,(228) 206-1615,2018-09-24,763691
U227968,RondaS4@gmail.com,(115) 973-7622,2018-07-27,0
C224233,DarleneM9@gmail.com,(355) 925-1315,2018-10-09,149027
T242111,JosephJ5@gmail.com,(680) 002-4760,2018-09-27,682789
X174601,BarryP1@gmail.com,(722) 497-6406,2018-11-30,395376
M182459,ToniD8@gmail.com,(450) 851-8146,2018-09-15,783805
W168616,StephanieB3@gmail.com,(626) 901-3868,2018-02-22,440076
Y146416,JonathanG1@gmail.com,(399) 149-2314,2018-05-18,596885
K452664,KatharynK1@gmail.com,(874) 951-7472,2018-02-05,458242
J217908,DanielC2@gmail.com,(444) 187-4054,2018-10-23,851953
Z230979,JeffreyM3@gmail.com,(780) 679-8548,2018-11-20,141075
P50335,JamesE1@gmail.com,(528) 112-6665,2018-05-15,851411
A270207,BarbaraC8@gmail.com,(109) 556-0961,2018-05-09,358779
K375683,TimothyT8@gmail.com,(506) 602-8517,2018-08-26,613634
N426980,WillaR0@gmail.com,(640) 751-7010,2018-06-20,329986
O382164,ChrisK0@gmail.com,(235) 954-2053,2018-01-16,0
V28502,BrendaE1@gmail.com,(790) 617-4403,2018-09-11,35703
I387142,AliceM9@gmail.com,(916) 150-9692,2018-09-18,0
R434425,BeverlyM5@gmail.com,(151) 982-0448,2018-09-27,0
M314341,MargueriteM0@gmail.com,(912) 154-5795,2018-10-26,0
J305798,MichaelD7@gmail.com,(173) 382-3559,2018-07-21,489630
P115393,PhyllisJ1@gmail.com,(965) 289-7927,2018-04-25,826918
X161079,JenniferJ9@gmail.com,(244) 476-8194,2018-12-10,869565
O396869,AlethaC8@gmail.com,(590) 464-0361,2018-07-24,864927
I28476,SonyaS2@gmail.com,+1 (774) 745-5773,2018-03-24,0
W176787,TylerJ6@gmail.com,(203) 739-4432,2018-07-13,257702
P107908,MaryS2@gmail.com,(721) 745-9005,2018-11-03,706436
A401775,WilliamW8@gmail.com,(441) 472-2072,2018-12-24,69101
O307779,VelmaD6@gmail.com,(783) 526-8056,2018-10-20,0
P344845,KarriM0@gmail.com,(380) 717-5840,2018-01-03,899482
V371035,DanielR3@gmail.com,(946) 186-2776,2018-07-27,0
A444513,DavidC9@gmail.com,(799) 086-0807,2018-05-30,640455
P97324,EdithV7@gmail.com,(514) 636-2923,2018-02-04,997735
X163546,BelindaL6@gmail.com,(913) 572-7387,2018-04-08,94120
Y69286,GlenG1@gmail.com,+1 (438) 240-4169,2018-01-25,0
M337483,JeanP9@gmail.com,(350) 629-8666,2018-05-20,408726
P380851,GeorgeO0@gmail.com,(736) 361-4488,2018-04-16,0
Y76600,MitchellB0@gmail.com,+1 (816) 698-5042,2018-09-30,794193
J278567,ValerieG7@gmail.com,(178) 688-7241,2018-05-03,0
M453811,GeraldE2@gmail.com,(500) 162-8412,2018-10-01,227050
D356885,GaryC7@gmail.com,(968) 677-4354,2018-10-28,0
C230672,LarryJ0@gmail.com,(977) 159-5731,2018-03-24,67180
Y439791,SybilW5@gmail.com,(782) 391-1832,2018-05-29,582663
R106097,JonathanJ8@gmail.com,(441) 808-6421,2018-11-05,574339
O224105,AndrewJ2,(376) 128-2792,2018-12-29,690544
K296817,JohnL7,(126) 655-3976,2018-11-11,0
Z108102,JacquelinJ1@gmail.com,(175) 611-2043,2018-02-28,0
N392260,HassieR4@gmail.com,(669) 334-9924,2018-08-12,0
U383313,LatashaH5@gmail.com,+1 (274) 699-5152,2018-09-09,373693
I376812,GilbertA7@gmail.com,(921) 068-4545,2018-11-21,0
Q37235,ThomasD5@gmail.com,(730) 586-2351,2018-05-11,610536
S280781,GregoryD3@gmail.com,(581) 402-4814,2018-12-25,595686
N206335,RoseJ1@gmail.com,(638) 795-4778,2018-12-02,227216
P98603,MariaK7@gmail.com,(536) 058-1637,2018-10-31,0
B439305,CharlesR9@gmail.com,(336) 344-8852,2018-04-04,0
C179625,KennethC1@gmail.com,(876) 948-6814,2018-11-06,138606
I452241,KeithE3@gmail.com,(381) 093-0374,2018-05-08,885229
B494071,ThomasM9@gmail.com,+1 (910) 711-9308,2018-10-19,714669
S382477,HelenB1,(679) 513-7169,2018-11-08,463635
P498913,NathanaelO0@gmail.com,+1 (429) 386-5281,2018-06-07,796045
Q9313,KennethJ1@gmail.com,(914) 960-0079,2018-05-13,172169
Z213463,RobertJ0@gmail.com,(824) 246-0842,2018-06-13,424004
O329490,AmaliaJ5@gmail.com,(127) 013-0123,2018-02-20,329500
T169152,HollisJ0@gmail.com,(128) 369-9067,2018-05-19,0
E165725,GraceJ0@gmail.com,(598) 445-5361,2018-01-20,341051
,MargaretB9@gmail.com,(890) 702-3871,2018-05-19,0
H414750,IonaC1@gmail.com,(358) 594-7025,2018-08-27,97156
P163437,ThomasM9@gmail.com,(139) 023-6143,2018-04-26,326089
M64964,ChristopherD8@gmail.com,(336) 952-4123,2018-09-11,0
Q198389,CurtisP6@gmail.com,(855) 956-6375,2018-12-02,833652
T151206,JamesD1@gmail.com,(938) 572-1992,2018-11-23,0
Y483043,BrentM9,(874) 850-6530,2018-02-20,0
Y444139,RolandE8@gmail.com,(559) 164-7677,2018-02-16,326985
G86060,JohnC8@gmail.com,(376) 772-3627,2018-06-12,637414
B258897,WilmerR8@gmail.com,(240) 846-4569,2018-05-03,688544
Y428562,ShaneK4@gmail.com,(933) 300-5802,2018-02-27,609871
R144508,DonnyK9@gmail.com,(125) 382-2699,2018-06-16,622533
L412861,AnnaB8@gmail.com,(985) 554-7044,2018-04-20,634453
M173335,JimW7@gmail.com,(918) 609-2570,2018-07-10,0
T230206,RichardR5@gmail.com,(632) 429-1671,2018-11-11,0
L329357,SharonD3@gmail.com,(872) 240-6975,2018-09-30,0
K223209,CharlesJ7@gmail.com,(740) 375-1553,2018-02-22,720831
N333042,IolaB4@gmail.com,(975) 082-8879,2018-06-17,184147
G363314,LesleyJ5@gmail.com,(716) 825-4028,2018-08-31,521199
S346749,AmandaJ7@gmail.com,+1 (443) 999-9010,2018-10-14,0
J274653,LorraineJ6@gmail.com,(256) 730-7574,2018-02-14,242580
M346367,JoshuaF1@gmail.com,(601) 660-6751,2018-05-16,0
H57985,MaryE6@gmail.com,(796) 208-4187,2018-09-21,0
A234291,DonnaM9@gmail.com,(599) 828-0112,2018-06-30,340369
N320574,AlfonsoT3@gmail.com,(624) 454-4833,2018-12-06,0
U292660,GeorgiaT4@gmail.com,(356) 381-8672,2018-03-01,478219
F204849,RandyJ3@gmail.com,(692) 612-5313,2018-02-28,712372
H302417,AnnC2@gmail.com,(436) 439-2102,2018-12-17,908180
H85787,MichaelA9@gmail.com,(495) 457-7903,2018-05-04,0
T328161,DonnaL9,(359) 560-8462,2018-09-03,871646
E56542,MatthewK3@gmail.com,(634) 528-2684,2018-12-02,315358
V88620,DavidT5@gmail.com,(458) 785-2370,2018-09-04,7810
J72270,DanicaM7@gmail.com,(562) 310-3106,2018-09-08,0
Y384786,ClintJ1@gmail.com,+1 (778) 084-4622,2018-11-20,392264
W205891,EarlA7@gmail.com,(576) 590-1705,2018-12-07,47108
W376112,PatriciaE6@gmail.com,(527) 506-8371,2018-01-10,943995
N391495,ThomasL4@gmail.com,(971) 260-9998,2018-03-16,956461
H346673,YolandaM9@gmail.com,(367) 744-2824,2018-06-25,235595
H34870,GeoffreyT6@gmail.com,(545) 868-4728,2018-04-14,549152
P33297,YolandaD9@gmail.com,(167) 862-5899,2018-02-04,788604
W411680,KarrieT7@gmail.com,(452) 464-7018,2018-08-30,0
L128700,DavidK4@gmail.com,(932) 321-6485,2018-12-20,655741
X410807,DebbieB8@gmail.com,(640) 551-7876,2018-06-29,440418
P363188,LeoneM6@gmail.com,+1 (671) 543-5532,2018-12-09,0
G161440,MimiV3@gmail.com,(138) 117-9466,2018-04-28,0
Y154766,HunterR7@gmail.com,(948) 579-9136,2018-06-21,32924
J440833,JimF3@gmail.com,(540) 167-3353,2018-11-30,0
Z112599,ElsaD6@gmail.com,(638) 353-5310,2018-03-16,223638
D348113,ReneeD5@gmail.com,(967) 838-9872,2018-07-12,0
I231664,KennethM2@gmail.com,(236) 506-2153,2018-09-24,0
U12727,DebbieK8@gmail.com,(255) 372-1536,2018-03-25,253444
I485032,RosieR3@gmail.com,(836) 369-3342,2018-12-05,60465
P362646,StephenA8@gmail.com,(321) 402-9064,2018-12-08,419732
E120532,MichaelR6@gmail.com,+1 (618) 412-9943,2018-01-25,102765
L433089,PatriciaA0@gmail.com,(531) 893-3900,2018-10-10,194093
G220608,ThomasM8@gmail.com,(139) 651-1099,2018-07-29,405056
G441379,JanM5@gmail.com,(359) 544-2151,2018-08-02,925363
F241621,RandallR9@gmail.com,(250) 976-4442,2018-04-04,0
P121180,MelbaR9@gmail.com,+1 (532) 309-4281,2018-11-13,392487
I3208,HarryG4@gmail.com,(667) 053-0881,2018-11-01,0
